{"cameraMode":{"drawMode":0,"name":"Shaded","section":"Shading Mode"},"sceneLighting":true,"audioPlay":false,"sceneViewState":{"m_AlwaysRefresh":false,"showFog":true,"showSkybox":true,"showFlares":true,"showImageEffects":true,"showParticleSystems":true,"showVisualEffectGraphs":true,"m_FxEnabled":true},"in2DMode":false,"pivot":{"x":706.1690063476563,"y":349.2581787109375,"z":-673.6744995117188},"rotation":{"x":-0.031167874112725259,"y":0.030602311715483667,"z":0.00093546585412696,"w":0.9989533424377441},"size":12.12435531616211,"orthographic":false}